Date,Home Team,Home Score,Away Team,Away Score
2023-08-25,Windsor,8,Adrian,35
2023-08-25,Diamond,14,Ash Grove,29
2023-08-25,Buffalo,6,Ava,56
2023-08-25,Northeast (Kansas City),0,Benton,44
2023-08-25,Staley,20,Blue Springs,30
2023-08-25,West Plains,38,Bolivar,42
2023-08-25,Joplin,35,Branson,14
2023-08-25,Clinton,20,Butler,40
2023-08-25,Harrisburg,12,Cabool,20
2023-08-25,Rolla,21,Camdenton,42
2023-08-25,Ozark,42,Carl Junction,22
2023-08-25,Malden,6,Caruthersville,60
2023-08-25,Lafayette (St. Joseph),7,Center,20
2023-08-25,St. Charles,33,Central (Cape Girardeau),35
2023-08-25,Mexico,0,Centralia,27
2023-08-25,St. Pius X (Festus),23,Clayton with Brentwood,10
2023-08-25,Tipton,52,Crest Ridge with Chilhowee,7
2023-08-25,Chaffee,7,Crystal City,38
2023-08-25,Owensville,45,Cuba,6
2023-08-25,Scott City,14,Dexter,26
2023-08-25,Lift for Life Academy Charter,58,Duchesne,0
2023-08-25,Logan-Rogersville,28,East Newton,0
2023-08-25,Charleston,24,East Prairie,28
2023-08-25,Belton,42,Excelsior Springs,20
2023-08-25,North County,14,Farmington,28
2023-08-25,Salisbury,0,Father Tolton with Calvary Lutheran,54
2023-08-25,Carrollton,18,Fayette,22
2023-08-25,Ste. Genevieve,7,Festus,38
2023-08-25,El Dorado Springs,12,Forsyth,41
2023-08-25,Ft. Zumwalt North,17,Francis Howell,21
2023-08-25,Ft. Zumwalt East,13,Francis Howell Central,45
2023-08-25,Warrenton,22,Ft. Zumwalt South,16
2023-08-25,Eureka,35,Ft. Zumwalt West,0
2023-08-25,Eldon,60,Fulton,13
2023-08-25,North Platte,22,Gallatin with Tri-County,6
2023-08-25,Waynesville,30,Glendale,46
2023-08-25,Fort Osage,42,Grain Valley,46
2023-08-25,Skyline,14,Grandview (Hillsboro),34
2023-08-25,Hannibal,13,Helias Catholic,49
2023-08-25,Montgomery County,27,Hermann,21
2023-08-25,Kickapoo,63,Hillcrest,0
2023-08-25,Sikeston,14,Hillsboro,63
2023-08-25,Sherwood,14,Holden,55
2023-08-25,Orchard Farm,25,Houston,22
2023-08-25,Fredericktown,6,Jefferson (Festus),28
2023-08-25,Osage,3,Jefferson City,40
2023-08-25,Platte County,21,Kearney,18
2023-08-25,Doniphan,6,Kelly,35
2023-08-25,Hayti,20,Kennett,49
2023-08-25,Macon,26,Kirksville,42
2023-08-25,De Smet Jesuit,44,Kirkwood,21
2023-08-25,Westminster Christian Academy,13,Ladue Horton Watkins,17
2023-08-25,Marquette,13,Lafayette (Wildwood),10
2023-08-25,Marshfield,14,Lamar,68
2023-08-25,Parkview,0,Lebanon,56
2023-08-25,Blue Springs South,20,Lee's Summit,30
2023-08-25,Liberty North,20,Lee's Summit North,27
2023-08-25,Lathrop,24,Lexington,8
2023-08-25,Lee's Summit West,17,Liberty,10
2023-08-25,Lone Jack with Kingsville,7,Lincoln,58
2023-08-25,Chaminade College Prep,7,Lindbergh,34
2023-08-25,Bowling Green,54,Louisiana,18
2023-08-25,Warsaw,36,Marceline,8
2023-08-25,Stockton,7,Marionville,12
2023-08-25,Monroe City,32,Mark Twain,16
2023-08-25,Chillicothe,13,Marshall,19
2023-08-25,Blair Oaks,41,Maryville,14
2023-08-25,Mt. Vernon,23,McDonald County,13
2023-08-25,Fox,42,Mehlville,7
2023-08-25,Midway,13,Mid-Buchanan,50
2023-08-25,Hogan Prep Academy Charter,12,Miller,14
2023-08-25,Smith-Cotton,7,Moberly,28
2023-08-25,Reeds Spring,33,Monett,28
2023-08-25,Springfield Catholic,0,Nevada,56
2023-08-25,Webb City,7,Nixa,14
2023-08-25,Westran,22,North Callaway,6
2023-08-25,Hickman,26,North Kansas City,28
2023-08-25,Sullivan,49,Northwest (Cedar Hill),3
2023-08-25,Lawson,7,Oak Grove,47
2023-08-25,Perryville,0,Oakville,55
2023-08-25,Southern Boone,46,Odessa,56
2023-08-25,Hallsville,46,Palmyra,6
2023-08-25,Vianney,21,Parkway West,14
2023-08-25,Ritenour,20,Pattonville,26
2023-08-25,St. Pius X (Kansas City),54,Pembroke Hill,6
2023-08-25,Lafayette County,34,Penney,0
2023-08-25,Boonville,6,Pleasant Hill,45
2023-08-25,West Platte,0,Polo,29
2023-08-25,Central (Park Hills),34,Poplar Bluff,13
2023-08-25,Highland,32,Putnam County,26
2023-08-25,Smithville,37,Raytown,0
2023-08-25,Carthage,14,Republic,20
2023-08-25,Raymore-Peculiar,0,Rockhurst,31
2023-08-25,Webster Groves,14,Rockwood Summit,56
2023-08-25,Central (St. Joseph),39,Ruskin,13
2023-08-25,St. James,44,Salem,0
2023-08-25,Portageville,34,Savannah,35
2023-08-25,Clark County,38,Scotland County,0
2023-08-25,Valle Catholic,21,Seckman,34
2023-08-25,Aurora,0,Seneca,37
2023-08-25,East Buchanan,44,South Harrison,8
2023-08-25,Milan,6,South Shelby,47
2023-08-25,St. Dominic,31,St. Charles West,6
2023-08-25,Potosi,6,St. Clair,48
2023-08-25,Pacific,20,St. Francis Borgia,21
2023-08-25,SLUH,38,St. Mary's South Side,21
2023-08-25,Liberty (Mountain View),6,Strafford,24
2023-08-25,St. Michael the Archangel,45,Summit Christian Academy,19
2023-08-25,St. Vincent,18,Thayer,21
2023-08-25,Liberty (Wentzville),37,Timberland,19
2023-08-25,Brookfield,18,Trenton,36
2023-08-25,Raytown South,28,Truman,19
2023-08-25,South Callaway,21,Van-Far with Community,14
2023-08-25,Knob Noster,24,Versailles,26
2023-08-25,Capital City,41,Warrensburg,29
2023-08-25,Union,14,Washington,21
2023-08-25,Cole Camp,16,Wellington-Napoleon,14
2023-08-25,Neosho,21,Willard,28
2023-08-25,California,56,Willow Springs,0
2023-08-25,Herculaneum,6,Windsor (Imperial),7
2023-08-25,Oak Park,55,Winnetonka,21
2023-08-25,Winfield,14,Wright City,49
2023-08-26,Lutheran South,48,Affton,26
2023-08-26,Hollister,6,Cassville,44
2023-08-26,Richmond,38,Central (New Madrid County),50
2023-08-26,St. Pius X (Festus),23,Clayton with Brentwood,10
2023-08-26,Central (Springfield),34,Clever,6
2023-08-26,Mountain Grove,0,Fair Grove,38
2023-08-26,North Point,21,Francis Howell North,7
2023-08-26,Lutheran North,54,Hazelwood Central,0
2023-08-26,Cardinal Ritter,52,McCluer,6
2023-08-26,Harrisonville,10,MICDS,15
2023-08-26,Hazelwood East,6,Parkway North,7
2023-08-26,Parkway Central,49,Parkway South,28
2023-08-26,Holt,21,Troy Buchanan,35
2023-08-27,Priory,7,Hazelwood West,48
2023-08-31,Chaffee,14,Charleston,12
2023-08-31,Sarcoxie,40,Clever,6
2023-08-31,Raytown,34,Excelsior Springs,12
2023-08-31,Willard,14,Joplin,28
2023-08-31,Monett,7,Mt. Vernon,42
2023-08-31,Republic,41,Ozark,14
2023-08-31,Webster Groves,35,Ritenour,50
2023-08-31,DeSoto with Kingston,0,Sullivan,57
2023-08-31,KIPP KC Legacy,20,University Academy Charter,48
2023-08-31,Washington,18,Warrenton,21
2023-09-01,Ste. Genevieve,70,Affton,12
2023-09-01,Cassville,22,Aurora,19
2023-09-01,Strafford,7,Ava,38
2023-09-01,Grandview (Hillsboro),45,Bayless,8
2023-09-01,Winnetonka,17,Belton,28
2023-09-01,Lutheran North,38,Blair Oaks,30
2023-09-01,Rockhurst,47,Blue Springs South,10
2023-09-01,Rolla,0,Bolivar,35
2023-09-01,Marshall,20,Boonville,42
2023-09-01,Marceline,0,Brookfield,14
2023-09-01,Fulton,3,California,31
2023-09-01,Kickapoo,38,Camdenton,21
2023-09-01,Branson,28,Carthage,14
2023-09-01,Hillsboro,35,Central (Cape Girardeau),28
2023-09-01,Caruthersville,26,Central (Park Hills),63
2023-09-01,Fair Grove,54,Central (Springfield),10
2023-09-01,Benton,6,Central (St. Joseph),54
2023-09-01,Hallsville,36,Centralia,65
2023-09-01,MICDS,24,Chaminade College Prep,7
2023-09-01,Kirksville,26,Chillicothe,42
2023-09-01,Harrisburg,6,Clark County,35
2023-09-01,Windsor,22,Cole Camp,20
2023-09-01,Jefferson (Festus),42,Cuba,0
2023-09-01,Pierce City,14,Diamond,51
2023-09-01,Kennett,42,Doniphan,0
2023-09-01,Savannah,0,East Buchanan,14
2023-09-01,Central (New Madrid County),58,East Prairie,32
2023-09-01,Mountain Grove,28,El Dorado Springs,8
2023-09-01,Owensville,35,Eldon,31
2023-09-01,Hazelwood West,0,Eureka,52
2023-09-01,Buffalo,20,Forsyth,42
2023-09-01,Lafayette (Wildwood),56,Fox,25
2023-09-01,Ft. Zumwalt South,44,Ft. Zumwalt East,15
2023-09-01,Maryville,50,Harrisonville,12
2023-09-01,Portageville,62,Hayti,6
2023-09-01,Hickman,12,Helias Catholic,42
2023-09-01,Fredericktown,0,Herculaneum,14
2023-09-01,Scotland County,6,Highland,14
2023-09-01,Mid-Buchanan,14,Holden,27
2023-09-01,East Newton,20,Hollister,18
2023-09-01,Liberty (Wentzville),6,Holt,49
2023-09-01,Fayette,6,Houston,55
2023-09-01,Francis Howell,35,Jackson,42
2023-09-01,Fort Osage,14,Kearney,21
2023-09-01,Malden,14,Kelly,50
2023-09-01,Salem,0,Knob Noster,46
2023-09-01,Lindbergh,7,Ladue Horton Watkins,17
2023-09-01,Pleasant Hill,60,Lafayette (St. Joseph),14
2023-09-01,Trenton,27,Lathrop,12
2023-09-01,Lafayette County,69,Lawson,7
2023-09-01,Hillcrest,7,Lebanon,56
2023-09-01,Blue Springs,13,Lee's Summit West,28
2023-09-01,Polo,22,Lexington,18
2023-09-01,Adrian,46,Liberty (Mountain View),28
2023-09-01,Liberty,7,Liberty North,31
2023-09-01,Lamar,34,Logan-Rogersville,14
2023-09-01,Midway,36,Lone Jack with Kingsville,0
2023-09-01,Crystal City,8,Louisiana,12
2023-09-01,North Callaway,20,Macon,14
2023-09-01,Willow Springs,6,Marionville,70
2023-09-01,McDonald County,34,Marshfield,14
2023-09-01,Parkway North,52,McCluer North,0
2023-09-01,Southern Boone,49,Mexico,14
2023-09-01,Montgomery County,34,Monroe City,44
2023-09-01,Nixa,46,Neosho,17
2023-09-01,St. Clair,19,North County,7
2023-09-01,Ft. Zumwalt North,28,North Point,0
2023-09-01,Van Horn,57,Northeast (Kansas City),12
2023-09-01,Parkway South,14,Northwest (Cedar Hill),7
2023-09-01,Ruskin,0,Oak Park,44
2023-09-01,Mehlville,9,Oakville,19
2023-09-01,Clinton,0,Odessa,40
2023-09-01,Wright City,6,Orchard Farm,13
2023-09-01,Moberly,21,Osage,14
2023-09-01,Francis Howell Central,31,Pacific,28
2023-09-01,Bowling Green,44,Palmyra,8
2023-09-01,Kirkwood,10,Pattonville,7
2023-09-01,Gallatin with Tri-County,0,Penney,28
2023-09-01,Windsor (Imperial),0,Perryville,12
2023-09-01,Smithville,36,Platte County,43
2023-09-01,Farmington,52,Potosi,7
2023-09-01,Father Tolton with Calvary Lutheran,42,Putnam County,0
2023-09-01,Park Hill,14,Raymore-Peculiar,28
2023-09-01,North Kansas City,10,Raytown South,27
2023-09-01,Nevada,46,Reeds Spring,19
2023-09-01,Oak Grove,48,Richmond,26
2023-09-01,Smith-Cotton,0,Rock Bridge,66
2023-09-01,Marquette,21,Rockwood Summit,27
2023-09-01,Carrollton,18,Salisbury,38
2023-09-01,St. Vincent,14,Scott City,16
2023-09-01,Butler,28,Sherwood,6
2023-09-01,Dexter,22,Sikeston,0
2023-09-01,Cabool,52,Skyline,6
2023-09-01,Timberland,7,SLUH,42
2023-09-01,Hermann,28,South Callaway,24
2023-09-01,Seneca,62,Springfield Catholic,0
2023-09-01,Warrensburg,12,St. Charles,6
2023-09-01,Francis Howell North,14,St. Charles West,0
2023-09-01,Priory,6,St. Dominic,43
2023-09-01,Lutheran South,42,St. James,76
2023-09-01,Hazelwood East,14,St. Mary's South Side,6
2023-09-01,St. Michael the Archangel,21,St. Pius X (Kansas City),59
2023-09-01,Lee's Summit,13,Staley,21
2023-09-01,Miller,8,Stockton,54
2023-09-01,Lutheran St. Charles,34,Summit Christian Academy,12
2023-09-01,Lincoln,14,Tipton,60
2023-09-01,William Chrisman,20,Truman,14
2023-09-01,St. Francis Borgia,52,Union,7
2023-09-01,Festus,6,Valle Catholic,20
2023-09-01,Sarcoxie,6,Van-Far with Community,36
2023-09-01,Duchesne,7,Vianney,39
2023-09-01,Versailles,27,Warsaw,48
2023-09-01,Parkview,6,Waynesville,21
2023-09-01,Carl Junction,28,Webb City,47
2023-09-01,Crest Ridge with Chilhowee,55,Wellington-Napoleon,42
2023-09-01,Glendale,7,West Plains,21
2023-09-01,South Harrison,36,West Platte,45
2023-09-01,South Shelby,49,Westran,6
2023-09-01,Mark Twain,18,Winfield,38
2023-09-02,Parkway West,16,Hazelwood Central,19
2023-09-02,Jennings,0,John Burroughs,42
2023-09-02,Parkway Central,36,McCluer,6
2023-09-02,Gateway,36,Normandy Collaborative,20
2023-09-02,Lift for Life Academy Charter,28,Westminster Christian Academy,14
2023-09-07,West Plains,45,Hillcrest,12
2023-09-07,Oakville,35,Webster Groves,24
2023-09-08,Crystal City,52,Bayless,22
2023-09-08,Lafayette (St. Joseph),26,Benton,14
2023-09-08,Parkview,0,Bolivar,48
2023-09-08,Hallsville,52,Boonville,50
2023-09-08,Lutheran St. Charles,26,Bowling Green,57
2023-09-08,South Shelby,51,Brookfield,6
2023-09-08,El Dorado Springs,26,Buffalo,32
2023-09-08,Versailles,22,Butler,42
2023-09-08,Southern Boone,27,California,20
2023-09-08,Waynesville,28,Camdenton,52
2023-09-08,Neosho,24,Carl Junction,32
2023-09-08,Sherwood,30,Carrollton,6
2023-09-08,Oak Grove,45,Center,0
2023-09-08,Poplar Bluff,42,Central (Cape Girardeau),35
2023-09-08,Kelly,24,Chaffee,14
2023-09-08,Maryville,50,Chillicothe,0
2023-09-08,Macon,0,Clark County,51
2023-09-08,Holden,7,Clinton,21
2023-09-08,Lincoln,8,Crest Ridge with Chilhowee,42
2023-09-08,Miller,41,Cuba,8
2023-09-08,Chaminade College Prep,14,De Smet Jesuit,63
2023-09-08,North County,35,DeSoto with Kingston,3
2023-09-08,Central (New Madrid County),38,Dexter,27
2023-09-08,Nevada,47,East Newton,19
2023-09-08,Gateway,0,Eldon,52
2023-09-08,Jackson,63,Farmington,38
2023-09-08,Louisiana,21,Father Tolton with Calvary Lutheran,48
2023-09-08,Scotland County,35,Fayette,36
2023-09-08,Windsor (Imperial),7,Festus,56
2023-09-08,Clever,0,Forsyth,55
2023-09-08,Belton,14,Fort Osage,50
2023-09-08,Lindbergh,42,Fox,14
2023-09-08,Lutheran North,45,Francis Howell,42
2023-09-08,Ft. Zumwalt South,31,Francis Howell Central,28
2023-09-08,Ft. Zumwalt East,3,Ft. Zumwalt North,49
2023-09-08,Westran,36,Fulton,20
2023-09-08,South Harrison,28,Gallatin with Tri-County,26
2023-09-08,Oak Park,32,Grain Valley,31
2023-09-08,St. Pius X (Festus),45,Grandview (Hillsboro),14
2023-09-08,Troy Buchanan,28,Hannibal,34
2023-09-08,Marceline,20,Harrisburg,28
2023-09-08,Pleasant Hill,28,Harrisonville,14
2023-09-08,Scott City,58,Hayti,0
2023-09-08,St. James,20,Hermann,29
2023-09-08,Ft. Zumwalt West,28,Hillsboro,35
2023-09-08,Marshfield,56,Hollister,35
2023-09-08,Washington,17,Holt,28
2023-09-08,Salem,13,Houston,41
2023-09-08,Herculaneum,0,Jefferson (Festus),35
2023-09-08,Rock Bridge,35,Jefferson City,27
2023-09-08,Clayton with Brentwood,37,Jennings,6
2023-09-08,Ozark,0,Joplin,28
2023-09-08,Lebanon,34,Kickapoo,0
2023-09-08,Eureka,10,Kirkwood,14
2023-09-08,Windsor,8,Knob Noster,26
2023-09-08,Riverview Gardens,6,Lafayette (Wildwood),39
2023-09-08,Warsaw,22,Lafayette County,27
2023-09-08,Penney,30,Lawson,27
2023-09-08,Blue Springs,7,Lee's Summit,29
2023-09-08,Raymore-Peculiar,20,Liberty,35
2023-09-08,North Point,27,Liberty (Wentzville),29
2023-09-08,Adrian,50,Lone Jack with Kingsville,14
2023-09-08,Priory,36,Lutheran South,20
2023-09-08,Charleston,48,Malden,30
2023-09-08,Wright City,42,Mark Twain,6
2023-09-08,Hazelwood Central,7,Marquette,24
2023-09-08,Richmond,18,Marshall,14
2023-09-08,Logan-Rogersville,0,McDonald County,16
2023-09-08,Parkway South,28,Mehlville,7
2023-09-08,Odessa,55,Mexico,12
2023-09-08,Wellington-Napoleon,14,Midway,54
2023-09-08,Putnam County,6,Milan,36
2023-09-08,Winfield,19,Moberly,44
2023-09-08,Lamar,40,Monett,7
2023-09-08,Highland,14,Monroe City,30
2023-09-08,Van-Far with Community,22,Montgomery County,24
2023-09-08,Ava,38,Mountain Grove,14
2023-09-08,Aurora,0,Mt. Vernon,38
2023-09-08,Carthage,28,Nixa,34
2023-09-08,South Callaway,20,North Callaway,6
2023-09-08,Platte County,17,North Kansas City,0
2023-09-08,East Buchanan,23,North Platte,14
2023-09-08,Blair Oaks,56,Osage,14
2023-09-08,Warrenton,42,Owensville,7
2023-09-08,St. Clair,27,Pacific,40
2023-09-08,Centralia,35,Palmyra,24
2023-09-08,Blue Springs South,33,Park Hill,35
2023-09-08,Rockwood Summit,49,Parkway Central,7
2023-09-08,McCluer,18,Parkway North,42
2023-09-08,McCluer North,8,Parkway West,34
2023-09-08,Lincoln College Prep,14,Pembroke Hill,12
2023-09-08,Sarcoxie,49,Pierce City,13
2023-09-08,East Prairie,0,Portageville,56
2023-09-08,Central (Park Hills),43,Potosi,8
2023-09-08,Central (St. Joseph),36,Raytown,32
2023-09-08,Webb City,42,Republic,21
2023-09-08,Ladue Horton Watkins,7,Ritenour,35
2023-09-08,Liberty North,35,Rockhurst,7
2023-09-08,Glendale,14,Rolla,13
2023-09-08,Diamond,45,Sarcoxie,15
2023-09-08,Lathrop,30,Salisbury,14
2023-09-08,Kirksville,0,Savannah,42
2023-09-08,Northwest (Cedar Hill),7,Seckman,56
2023-09-08,Cassville,0,Seneca,44
2023-09-08,Kennett,22,Sikeston,20
2023-09-08,Fair Grove,68,Skyline,0
2023-09-08,Christian Brothers College,49,SLUH,14
2023-09-08,Warrensburg,47,Smith-Cotton,22
2023-09-08,Kearney,21,Smithville,41
2023-09-08,Reeds Spring,47,Springfield Catholic,0
2023-09-08,Francis Howell North,28,St. Charles,0
2023-09-08,Lexington,6,St. Michael the Archangel,38
2023-09-08,Cameron,8,St. Pius X (Kansas City),49
2023-09-08,Perryville,7,St. Vincent,49
2023-09-08,Lee's Summit North,21,Staley,14
2023-09-08,Orchard Farm,16,Ste. Genevieve,36
2023-09-08,Ash Grove,0,Stockton,36
2023-09-08,St. Francis Borgia,42,Strafford,7
2023-09-08,Union,27,Sullivan,34
2023-09-08,Liberty (Mountain View),36,Thayer,16
2023-09-08,Vianney,7,Timberland,28
2023-09-08,Cole Camp,0,Tipton,54
2023-09-08,KIPP KC Legacy,14,Trenton,36
2023-09-08,Fredericktown,0,Valle Catholic,58
2023-09-08,Mid-Buchanan,62,West Platte,25
2023-09-08,Branson,6,Willard,21
2023-09-08,Van Horn,49,William Chrisman,6
2023-09-08,Cabool,66,Willow Springs,6
2023-09-08,Excelsior Springs,7,Winnetonka,35
2023-09-09,Pattonville,45,Hazelwood West,0
2023-09-09,Summit Christian Academy,35,Hogan Prep Academy Charter,6
2023-09-09,Lift for Life Academy Charter,20,John Burroughs,14
2023-09-09,Westminster Christian Academy,14,MICDS,40
2023-09-09,Hazelwood East,48,Normandy Collaborative,0
2023-09-14,Parkway Central,35,Clayton with Brentwood,0
2023-09-14,Hillcrest,6,Glendale,28
2023-09-14,Charleston,14,Kelly,34
2023-09-14,Oakville,33,Ladue Horton Watkins,40
2023-09-14,John Burroughs,41,Lutheran South,14
2023-09-14,Parkway West,30,McCluer,14
2023-09-14,Webster Groves,37,Parkway South,0
2023-09-14,Parkway North,27,Rockwood Summit,39
2023-09-14,Pembroke Hill,13,St. Michael the Archangel,35
2023-09-15,Hazelwood East,82,Affton,6
2023-09-15,Springfield Catholic,0,Aurora,32
2023-09-15,North Kansas City,24,Belton,26
2023-09-15,California,0,Blair Oaks,69
2023-09-15,Fort Osage,21,Blue Springs,39
2023-09-15,Raymore-Peculiar,27,Blue Springs South,20
2023-09-15,Van-Far with Community,22,Bowling Green,72
2023-09-15,Nixa,41,Branson,3
2023-09-15,Skyline,12,Buffalo,14
2023-09-15,Holden,20,Butler,22
2023-09-15,Houston,13,Cabool,12
2023-09-15,Chillicothe,26,Cameron,20
2023-09-15,Rock Bridge,38,Capital City,28
2023-09-15,Helias Catholic,29,Cardinal Ritter,30
2023-09-15,Carl Junction,28,Carthage,41
2023-09-15,East Newton,6,Cassville,22
2023-09-15,Central (Cape Girardeau),48,Central (Park Hills),41
2023-09-15,Marionville,35,Central (Springfield),6
2023-09-15,William Chrisman,20,Central (St. Joseph),52
2023-09-15,Brookfield,0,Centralia,33
2023-09-15,Chaminade College Prep,0,Christian Brothers College,56
2023-09-15,Strafford,49,Clever,7
2023-09-15,Lone Jack with Kingsville,19,Cole Camp,48
2023-09-15,Hermann,63,Cuba,0
2023-09-15,Festus,41,DeSoto with Kingston,0
2023-09-15,Central (New Madrid County),56,Doniphan,0
2023-09-15,Lathrop,24,East Buchanan,63
2023-09-15,Dexter,56,East Prairie,18
2023-09-15,Osage,37,Eldon,12
2023-09-15,Marquette,28,Eureka,14
2023-09-15,Kearney,47,Excelsior Springs,13
2023-09-15,Forsyth,13,Fair Grove,56
2023-09-15,Francis Howell,46,Francis Howell North,0
2023-09-15,Ste. Genevieve,49,Fredericktown,7
2023-09-15,Hallsville,42,Grandview (Hillsboro),7
2023-09-15,Fulton,6,Hannibal,77
2023-09-15,Milan,45,Harrisburg,44
2023-09-15,St. Vincent,40,Herculaneum,0
2023-09-15,Clark County,34,Highland,8
2023-09-15,Ft. Zumwalt South,10,Holt,27
2023-09-15,Caruthersville,40,Kennett,32
2023-09-15,Moberly,35,Kirksville,6
2023-09-15,Savannah,50,Lafayette (St. Joseph),0
2023-09-15,Summit Christian Academy,7,Lafayette County,49
2023-09-15,Seneca,28,Lamar,14
2023-09-15,Bolivar,13,Lebanon,56
2023-09-15,Lee's Summit,16,Lee's Summit North,37
2023-09-15,Staley,7,Lee's Summit West,28
2023-09-15,Park Hill,29,Liberty,36
2023-09-15,Ava,52,Liberty (Mountain View),14
2023-09-15,Windsor,40,Lincoln,20
2023-09-15,Mt. Vernon,21,Logan-Rogersville,14
2023-09-15,North Callaway,14,Louisiana,31
2023-09-15,Palmyra,34,Macon,20
2023-09-15,Chaffee,28,Malden,14
2023-09-15,Hogan Prep Academy Charter,16,Marceline,45
2023-09-15,Montgomery County,47,Mark Twain,14
2023-09-15,Mexico,21,Marshall,14
2023-09-15,St. Pius X (Kansas City),42,Maryville,46
2023-09-15,Lawson,7,Mid-Buchanan,14
2023-09-15,Crest Ridge with Chilhowee,34,Midway,32
2023-09-15,Diamond,26,Miller,7
2023-09-15,Marshfield,21,Monett,13
2023-09-15,Republic,56,Neosho,21
2023-09-15,McDonald County,7,Nevada,34
2023-09-15,Hillsboro,48,North County,0
2023-09-15,Ft. Zumwalt East,0,North Point,35
2023-09-15,Knob Noster,47,Northeast (Kansas City),14
2023-09-15,Lafayette (Wildwood),63,Northwest (Cedar Hill),13
2023-09-15,Odessa,24,Oak Grove,10
2023-09-15,Truman,14,Oak Park,70
2023-09-15,Willard,45,Ozark,23
2023-09-15,Camdenton,56,Parkview,7
2023-09-15,Lindbergh,31,Pattonville,36
2023-09-15,North Platte,22,Penney,20
2023-09-15,Bayless,6,Perryville,62
2023-09-15,Ash Grove,27,Pierce City,0
2023-09-15,Grain Valley,45,Platte County,24
2023-09-15,Clinton,18,Pleasant Hill,53
2023-09-15,Gallatin with Tri-County,18,Polo,33
2023-09-15,Jackson,49,Poplar Bluff,21
2023-09-15,MICDS,41,Priory,10
2023-09-15,Raytown South,7,Raytown,0
2023-09-15,Hollister,12,Reeds Spring,42
2023-09-15,Smithville,28,Ruskin,6
2023-09-15,Carrollton,12,Sarcoxie,34
2023-09-15,Thayer,26,Salem,0
2023-09-15,Stockton,22,Sarcoxie,24
2023-09-15,Salisbury,22,Scotland County,41
2023-09-15,Portageville,56,Scott City,32
2023-09-15,Mehlville,6,Seckman,48
2023-09-15,Farmington,35,Sikeston,8
2023-09-15,Jefferson City,56,Smith-Cotton,14
2023-09-15,Monroe City,6,South Shelby,59
2023-09-15,Boonville,26,Southern Boone,44
2023-09-15,Warrenton,41,St. Charles,6
2023-09-15,Sullivan,41,St. Clair,46
2023-09-15,Duchesne,18,St. Francis Borgia,69
2023-09-15,Owensville,43,St. James,22
2023-09-15,Lutheran St. Charles,20,St. Mary's South Side,19
2023-09-15,Jefferson (Festus),28,St. Pius X (Festus),18
2023-09-15,Ft. Zumwalt West,38,Timberland,7
2023-09-15,Orchard Farm,14,Tipton,12
2023-09-15,Putnam County,16,Trenton,49
2023-09-15,Francis Howell Central,21,Troy Buchanan,42
2023-09-15,Pacific,35,Union,42
2023-09-15,Potosi,0,Valle Catholic,63
2023-09-15,Richmond,12,Van Horn,29
2023-09-15,SLUH,33,Vashon,0
2023-09-15,El Dorado Springs,33,Versailles,30
2023-09-15,De Smet Jesuit,53,Vianney,6
2023-09-15,Harrisonville,54,Warrensburg,48
2023-09-15,Sherwood,14,Warsaw,26
2023-09-15,Ft. Zumwalt North,24,Washington,28
2023-09-15,Kickapoo,21,Waynesville,8
2023-09-15,Joplin,21,Webb City,38
2023-09-15,Adrian,47,Wellington-Napoleon,6
2023-09-15,Rolla,14,West Plains,42
2023-09-15,University Academy Charter,22,West Platte,25
2023-09-15,Fayette,0,Westran,49
2023-09-15,Mountain Grove,71,Willow Springs,0
2023-09-15,St. Charles West,34,Winfield,0
2023-09-15,South Callaway,26,Wright City,41
2023-09-16,Kirkwood,17,Hazelwood Central,0
2023-09-16,Hazelwood West,55,McCluer North,35
2023-09-16,Fox,25,Ritenour,48
2023-09-16,Lutheran North,50,Westminster Christian Academy,7
2023-09-21,Parkview,8,Kickapoo,42
2023-09-21,Grandview (Hillsboro),14,Perryville,48
2023-09-21,Warrenton,53,St. Charles West,14
2023-09-22,Lincoln,8,Adrian,48
2023-09-22,Riverview Gardens,42,Affton,0
2023-09-22,Miller,0,Ash Grove,41
2023-09-22,Salem,0,Ava,51
2023-09-22,Grain Valley,30,Blue Springs South,20
2023-09-22,Glendale,28,Bolivar,49
2023-09-22,Blair Oaks,56,Boonville,27
2023-09-22,Palmyra,22,Brookfield,42
2023-09-22,Sherwood,6,Buffalo,28
2023-09-22,West Plains,0,Camdenton,45
2023-09-22,Branson,21,Carl Junction,7
2023-09-22,Warrensburg,42,Center,0
2023-09-22,Caruthersville,0,Central (New Madrid County),27
2023-09-22,Hayti,18,Chaffee,50
2023-09-22,St. Pius X (Kansas City),52,Chillicothe,13
2023-09-22,De Smet Jesuit,49,Christian Brothers College,14
2023-09-22,South Shelby,44,Clark County,14
2023-09-22,Oak Grove,49,Clinton,6
2023-09-22,Versailles,24,Cole Camp,18
2023-09-22,Gateway,8,Crystal City,12
2023-09-22,Dexter,54,Doniphan,6
2023-09-22,Penney,0,East Buchanan,35
2023-09-22,Lamar,28,East Newton,0
2023-09-22,Butler,24,El Dorado Springs,0
2023-09-22,Hallsville,50,Eldon,42
2023-09-22,Marceline,42,Fayette,6
2023-09-22,Hillsboro,42,Festus,21
2023-09-22,Raytown,24,Fort Osage,56
2023-09-22,Troy Buchanan,14,Francis Howell,31
2023-09-22,Potosi,27,Fredericktown,14
2023-09-22,St. Charles,13,Ft. Zumwalt East,39
2023-09-22,Holt,23,Ft. Zumwalt North,28
2023-09-22,North Point,21,Ft. Zumwalt South,0
2023-09-22,Francis Howell North,13,Ft. Zumwalt West,38
2023-09-22,Owensville,12,Hermann,35
2023-09-22,Macon,20,Highland,40
2023-09-22,Lexington,22,Holden,40
2023-09-22,Aurora,62,Hollister,7
2023-09-22,Central (Cape Girardeau),0,Jackson,50
2023-09-22,Bayless,14,Jefferson (Festus),70
2023-09-22,Capital City,21,Jefferson City,34
2023-09-22,Nixa,35,Joplin,27
2023-09-22,Winnetonka,7,Kearney,42
2023-09-22,East Prairie,30,Kennett,36
2023-09-22,Marshall,10,Kirksville,28
2023-09-22,Carrollton,8,Knob Noster,28
2023-09-22,Parkway West,17,Lafayette (Wildwood),35
2023-09-22,West Platte,27,Lawson,54
2023-09-22,Lee's Summit West,53,Lee's Summit,21
2023-09-22,Willow Springs,0,Liberty (Mountain View),77
2023-09-22,Washington,21,Liberty (Wentzville),49
2023-09-22,Park Hill,14,Liberty North,52
2023-09-22,Rockwood Summit,35,Lindbergh,10
2023-09-22,Crest Ridge with Chilhowee,61,Lone Jack with Kingsville,0
2023-09-22,Lutheran South,0,Lutheran North,63
2023-09-22,Cardinal Ritter,58,Lutheran St. Charles,6
2023-09-22,Diamond,8,Marionville,41
2023-09-22,Northwest (Cedar Hill),10,Marquette,49
2023-09-22,Reeds Spring,63,Marshfield,44
2023-09-22,Cameron,0,Maryville,21
2023-09-22,Cassville,6,McDonald County,28
2023-09-22,Pattonville,40,Mehlville,0
2023-09-22,Hannibal,61,Mexico,7
2023-09-22,Lathrop,6,Mid-Buchanan,42
2023-09-22,Trenton,8,Milan,34
2023-09-22,Fulton,0,Moberly,35
2023-09-22,Centralia,27,Monroe City,24
2023-09-22,Bowling Green,82,Montgomery County,20
2023-09-22,Cabool,6,Mountain Grove,7
2023-09-22,Carthage,35,Neosho,21
2023-09-22,Mt. Vernon,34,Nevada,55
2023-09-22,Mark Twain,14,North Callaway,30
2023-09-22,Central (St. Joseph),24,North Kansas City,14
2023-09-22,Eureka,35,Oakville,13
2023-09-22,Pleasant Hill,24,Odessa,21
2023-09-22,Winfield,13,Orchard Farm,33
2023-09-22,California,17,Osage,14
2023-09-22,Sullivan,27,Pacific,7
2023-09-22,Hazelwood Central,52,Parkway Central,17
2023-09-22,Ladue Horton Watkins,13,Parkway North,24
2023-09-22,University Academy Charter,8,Pembroke Hill,21
2023-09-22,Clever,6,Pierce City,21
2023-09-22,Oak Park,35,Platte County,14
2023-09-22,South Harrison,6,Polo,21
2023-09-22,Sikeston,0,Poplar Bluff,38
2023-09-22,Charleston,0,Portageville,43
2023-09-22,Willard,20,Republic,21
2023-09-22,Lafayette County,40,Richmond,12
2023-09-22,Helias Catholic,20,Rock Bridge,10
2023-09-22,Hillcrest,14,Rolla,41
2023-09-22,Raytown South,43,Ruskin,13
2023-09-22,Scotland County,28,Sarcoxie,22
2023-09-22,Harrisburg,32,Salisbury,36
2023-09-22,Lafayette (St. Joseph),23,Sarcoxie,49
2023-09-22,Benton,0,Savannah,50
2023-09-22,Malden,8,Scott City,62
2023-09-22,Fox,14,Seckman,27
2023-09-22,Monett,0,Seneca,56
2023-09-22,Forsyth,48,Skyline,8
2023-09-22,Excelsior Springs,6,Smithville,49
2023-09-22,Louisiana,42,South Callaway,50
2023-09-22,Logan-Rogersville,28,Springfield Catholic,6
2023-09-22,St. Francis Borgia,24,St. Dominic,34
2023-09-22,Cuba,7,St. James,45
2023-09-22,KIPP KC Legacy,12,St. Michael the Archangel,30
2023-09-22,Valle Catholic,54,St. Vincent,0
2023-09-22,Central (Park Hills),20,Ste. Genevieve,21
2023-09-22,Fair Grove,52,Stockton,14
2023-09-22,Central (Springfield),14,Strafford,42
2023-09-22,Harrisonville,46,Summit Christian Academy,0
2023-09-22,Houston,7,Thayer,18
2023-09-22,Francis Howell Central,42,Timberland,21
2023-09-22,Wellington-Napoleon,12,Tipton,52
2023-09-22,Grandview,45,Truman,7
2023-09-22,Wright City,40,Van-Far with Community,20
2023-09-22,SLUH,48,Vianney,6
2023-09-22,Lebanon,51,Waynesville,6
2023-09-22,Ozark,0,Webb City,38
2023-09-22,Putnam County,14,Westran,24
2023-09-22,Belton,31,William Chrisman,20
2023-09-22,Midway,14,Windsor,26
2023-09-22,DeSoto with Kingston,6,Windsor (Imperial),29
2023-09-23,McCluer,0,Hazelwood East,43
2023-09-23,Parkway South,34,Hazelwood West,39
2023-09-23,Warsaw,21,Hogan Prep Academy Charter,22
2023-09-23,Ritenour,34,McCluer North,12
2023-09-23,John Burroughs,13,MICDS,42
2023-09-23,Clayton with Brentwood,28,Normandy Collaborative,14
2023-09-23,Westminster Christian Academy,54,Priory,7
2023-09-23,St. Clair,42,Union,14
2023-09-29,Midway,0,Adrian,48
2023-09-29,Marshfield,0,Aurora,35
2023-09-29,St. Vincent,58,Bayless,12
2023-09-29,Maryville,42,Benton,8
2023-09-29,Liberty North,40,Blue Springs,0
2023-09-29,Camdenton,34,Bolivar,15
2023-09-29,Neosho,34,Branson,41
2023-09-29,Macon,0,Brookfield,34
2023-09-29,Buffalo,7,Butler,24
2023-09-29,Thayer,28,Cabool,12
2023-09-29,Boonville,21,California,35
2023-09-29,Savannah,34,Cameron,0
2023-09-29,St. Francis Borgia,7,Cardinal Ritter,70
2023-09-29,Richmond,48,Carrollton,12
2023-09-29,Nevada,44,Cassville,21
2023-09-29,Harrisonville,49,Center,0
2023-09-29,Farmington,0,Central (Cape Girardeau),35
2023-09-29,Kennett,6,Central (New Madrid County),54
2023-09-29,Valle Catholic,48,Central (Park Hills),34
2023-09-29,Fort Osage,49,Central (St. Joseph),7
2023-09-29,Clark County,14,Centralia,39
2023-09-29,Vianney,20,Chaminade College Prep,23
2023-09-29,Hayti,26,Charleston,46
2023-09-29,Lafayette (St. Joseph),38,Chillicothe,79
2023-09-29,Hazelwood East,21,Clayton with Brentwood,0
2023-09-29,Versailles,23,Clinton,27
2023-09-29,Cole Camp,16,Crest Ridge with Chilhowee,50
2023-09-29,Sarcoxie,8,Crystal City,42
2023-09-29,SLUH,13,De Smet Jesuit,42
2023-09-29,Fredericktown,27,DeSoto with Kingston,25
2023-09-29,Caruthersville,28,Dexter,46
2023-09-29,Forsyth,27,Diamond,20
2023-09-29,Jennings,8,Duchesne,19
2023-09-29,Warsaw,37,El Dorado Springs,8
2023-09-29,Southern Boone,75,Eldon,49
2023-09-29,Pattonville,0,Eureka,34
2023-09-29,Strafford,14,Fair Grove,49
2023-09-29,Poplar Bluff,24,Fox,19
2023-09-29,Ft. Zumwalt West,10,Francis Howell,43
2023-09-29,Francis Howell North,41,Francis Howell Central,20
2023-09-29,Mexico,28,Fulton,27
2023-09-29,Milan,55,Gallatin with Tri-County,7
2023-09-29,Lawson,27,Gateway,34
2023-09-29,Lebanon,44,Glendale,21
2023-09-29,Belton,7,Grain Valley,43
2023-09-29,Excelsior Springs,7,Grandview,47
2023-09-29,Herculaneum,18,Grandview (Hillsboro),21
2023-09-29,Kirksville,0,Hannibal,53
2023-09-29,Capital City,17,Helias Catholic,43
2023-09-29,Waynesville,48,Hillcrest,7
2023-09-29,Windsor (Imperial),12,Hillsboro,69
2023-09-29,North Point,12,Holt,42
2023-09-29,Ava,59,Houston,31
2023-09-29,Sikeston,0,Jackson,56
2023-09-29,Hickman,19,Jefferson City,63
2023-09-29,Ruskin,12,Kearney,42
2023-09-29,Scott City,63,Kelly,6
2023-09-29,Lafayette (Wildwood),34,Ladue Horton Watkins,16
2023-09-29,Holden,14,Lafayette County,39
2023-09-29,McDonald County,21,Lamar,49
2023-09-29,Penney,14,Lathrop,0
2023-09-29,Raymore-Peculiar,14,Lee's Summit North,35
2023-09-29,Blue Springs South,28,Lee's Summit West,41
2023-09-29,Knob Noster,20,Lexington,0
2023-09-29,Ft. Zumwalt South,33,Liberty (Wentzville),34
2023-09-29,Ritenour,21,Lindbergh,28
2023-09-29,Hollister,0,Logan-Rogersville,27
2023-09-29,Wellington-Napoleon,56,Lone Jack with Kingsville,18
2023-09-29,Mark Twain,40,Louisiana,14
2023-09-29,MICDS,21,Lutheran North,46
2023-09-29,Lift for Life Academy Charter,14,Lutheran St. Charles,26
2023-09-29,East Prairie,50,Malden,42
2023-09-29,Salisbury,30,Marceline,66
2023-09-29,Kirkwood,38,Marquette,21
2023-09-29,Moberly,36,Marshall,14
2023-09-29,North Platte,30,Mid-Buchanan,26
2023-09-29,East Newton,26,Monett,21
2023-09-29,Liberty (Mountain View),35,Mountain Grove,26
2023-09-29,Springfield Catholic,0,Mt. Vernon,40
2023-09-29,Carl Junction,0,Nixa,47
2023-09-29,Festus,42,North County,14
2023-09-29,Oakville,48,Northwest (Cedar Hill),7
2023-09-29,Pleasant Hill,61,Oak Grove,44
2023-09-29,Lee's Summit,35,Oak Park,43
2023-09-29,St. Charles West,14,Orchard Farm,33
2023-09-29,Hallsville,0,Osage,23
2023-09-29,Pacific,41,Owensville,24
2023-09-29,Carthage,34,Ozark,20
2023-09-29,Monroe City,36,Palmyra,34
2023-09-29,Rolla,67,Parkview,42
2023-09-29,McCluer North,6,Parkway Central,45
2023-09-29,Parkway West,14,Parkway North,45
2023-09-29,Seckman,49,Parkway South,7
2023-09-29,Marionville,31,Pierce City,3
2023-09-29,Chaffee,13,Portageville,74
2023-09-29,Ste. Genevieve,28,Potosi,29
2023-09-29,Platte County,35,Raytown,12
2023-09-29,Smithville,28,Raytown South,12
2023-09-29,Joplin,15,Republic,38
2023-09-29,St. Mary's South Side,21,Rock Bridge,28
2023-09-29,Willow Springs,12,Salem,42
2023-09-29,Miller,34,Sarcoxie,47
2023-09-29,Westran,38,Scotland County,7
2023-09-29,Reeds Spring,21,Seneca,54
2023-09-29,Clever,15,Skyline,28
2023-09-29,Bowling Green,59,South Callaway,7
2023-09-29,Putnam County,8,South Harrison,28
2023-09-29,Highland,6,South Shelby,69
2023-09-29,St. James,6,St. Clair,41
2023-09-29,Central (Springfield),6,St. Dominic,43
2023-09-29,Cuba,6,St. Pius X (Festus),55
2023-09-29,Liberty,21,Staley,6
2023-09-29,Sherwood,22,Stockton,26
2023-09-29,Hermann,36,Sullivan,35
2023-09-29,Polo,12,Trenton,30
2023-09-29,Timberland,0,Troy Buchanan,51
2023-09-29,North Kansas City,24,Truman,7
2023-09-29,St. Michael the Archangel,28,Van Horn,24
2023-09-29,North Callaway,14,Van-Far with Community,28
2023-09-29,Odessa,42,Warrensburg,41
2023-09-29,Union,21,Warrenton,49
2023-09-29,Ft. Zumwalt East,21,Washington,34
2023-09-29,Mehlville,6,Webster Groves,35
2023-09-29,Kickapoo,49,West Plains,35
2023-09-29,East Buchanan,48,West Platte,13
2023-09-29,Webb City,43,Willard,16
2023-09-29,Tipton,48,Windsor,22
2023-09-29,St. Charles,28,Winfield,9
2023-09-29,William Chrisman,18,Winnetonka,14
2023-09-29,Montgomery County,34,Wright City,33
2023-09-30,Harrisburg,20,Ash Grove,30
2023-09-30,Hazelwood West,0,Hazelwood Central,41
2023-09-30,Pembroke Hill,28,Hogan Prep Academy Charter,6
2023-09-30,Priory,7,John Burroughs,27
2023-09-30,Rockwood Summit,57,McCluer,12
2023-09-30,Jefferson (Festus),28,Perryville,26
2023-09-30,Summit Christian Academy,20,University Academy Charter,12
2023-09-30,Ft. Zumwalt North,7,Vashon,34
2023-09-30,Lutheran South,6,Westminster Christian Academy,49
2023-10-01,Riverview Gardens,22,Normandy Collaborative,16
2023-10-05,Charleston,6,Caruthersville,54
2023-10-05,Willard,14,Nixa,47
2023-10-06,Thayer,24,Ava,58
2023-10-06,Herculaneum,40,Bayless,0
2023-10-06,Platte County,42,Belton,7
2023-10-06,St. Pius X (Kansas City),58,Benton,14
2023-10-06,Eldon,0,Blair Oaks,55
2023-10-06,Rockhurst,14,Blue Springs,10
2023-10-06,Osage,31,Boonville,16
2023-10-06,Mark Twain,0,Bowling Green,65
2023-10-06,Republic,35,Branson,25
2023-10-06,Fair Grove,57,Buffalo,14
2023-10-06,Liberty (Mountain View),24,Cabool,20
2023-10-06,Hillcrest,14,Camdenton,35
2023-10-06,Smith-Cotton,21,Capital City,48
2023-10-06,Joplin,37,Carl Junction,13
2023-10-06,Webb City,13,Carthage,20
2023-10-06,Springfield Catholic,0,Cassville,42
2023-10-06,Perryville,12,Central (New Madrid County),47
2023-10-06,Fredericktown,7,Central (Park Hills),59
2023-10-06,Skyline,0,Central (Springfield),37
2023-10-06,Scott City,56,Chaffee,14
2023-10-06,Vianney,7,Christian Brothers College,56
2023-10-06,Palmyra,22,Clark County,44
2023-10-06,Riverview Gardens,24,Clayton with Brentwood,27
2023-10-06,Ash Grove,28,Clever,20
2023-10-06,Adrian,41,Crest Ridge with Chilhowee,7
2023-10-06,South Callaway,41,Cuba,0
2023-10-06,St. Mary's South Side,0,De Smet Jesuit,26
2023-10-06,Stockton,7,Diamond,23
2023-10-06,Seneca,50,East Newton,14
2023-10-06,Doniphan,0,East Prairie,51
2023-10-06,Central (St. Joseph),42,Excelsior Springs,12
2023-10-06,Poplar Bluff,28,Farmington,14
2023-10-06,Salisbury,30,Fayette,8
2023-10-06,Pacific,13,Festus,49
2023-10-06,Truman,0,Fort Osage,49
2023-10-06,Troy Buchanan,35,Francis Howell North,7
2023-10-06,Holt,44,Ft. Zumwalt East,7
2023-10-06,Liberty (Wentzville),14,Ft. Zumwalt North,35
2023-10-06,Francis Howell Central,14,Ft. Zumwalt West,27
2023-10-06,Clinton,7,Harrisonville,40
2023-10-06,Kelly,33,Hayti,0
2023-10-06,Fox,50,Hazelwood West,14
2023-10-06,Jefferson City,6,Helias Catholic,24
2023-10-06,St. Clair,21,Hermann,22
2023-10-06,Centralia,43,Highland,0
2023-10-06,DeSoto with Kingston,0,Hillsboro,42
2023-10-06,Richmond,13,Holden,17
2023-10-06,Mt. Vernon,56,Hollister,13
2023-10-06,Grandview (Hillsboro),12,Jefferson (Festus),26
2023-10-06,Dexter,28,Kennett,14
2023-10-06,Rolla,6,Kickapoo,45
2023-10-06,Mexico,13,Kirksville,24
2023-10-06,Lindbergh,28,Kirkwood,24
2023-10-06,Lafayette County,61,Knob Noster,35
2023-10-06,Cameron,54,Lafayette (St. Joseph),17
2023-10-06,Eureka,21,Lafayette (Wildwood),28
2023-10-06,West Plains,14,Lebanon,52
2023-10-06,Park Hill,17,Lee's Summit,30
2023-10-06,Liberty,20,Lee's Summit North,38
2023-10-06,Carrollton,14,Lexington,62
2023-10-06,Blue Springs South,26,Liberty North,38
2023-10-06,Cole Camp,26,Lincoln,28
2023-10-06,MICDS,48,Lutheran South,7
2023-10-06,South Shelby,42,Macon,0
2023-10-06,Portageville,49,Malden,0
2023-10-06,Fulton,0,Marshall,20
2023-10-06,Logan-Rogersville,41,Marshfield,19
2023-10-06,Monett,14,McDonald County,45
2023-10-06,McCluer,20,Mehlville,18
2023-10-06,Tipton,30,Midway,22
2023-10-06,South Harrison,0,Milan,40
2023-10-06,Hannibal,28,Moberly,8
2023-10-06,Brookfield,26,Monroe City,42
2023-10-06,Louisiana,22,Montgomery County,47
2023-10-06,Ozark,14,Neosho,20
2023-10-06,Lamar,14,Nevada,0
2023-10-06,Wright City,45,North Callaway,28
2023-10-06,Oak Park,43,North Kansas City,6
2023-10-06,Lawson,14,North Platte,28
2023-10-06,Parkway Central,48,Northwest (Cedar Hill),7
2023-10-06,Center,6,Odessa,52
2023-10-06,Glendale,44,Parkview,20
2023-10-06,Webster Groves,7,Parkway North,43
2023-10-06,Parkway South,0,Parkway West,7
2023-10-06,Mid-Buchanan,13,Penney,8
2023-10-06,Warrensburg,38,Pleasant Hill,31
2023-10-06,Gallatin with Tri-County,8,Putnam County,52
2023-10-06,Lee's Summit West,31,Raymore-Peculiar,7
2023-10-06,Kearney,40,Raytown South,12
2023-10-06,Aurora,12,Reeds Spring,26
2023-10-06,Marquette,21,Ritenour,7
2023-10-06,Oakville,7,Rockwood Summit,49
2023-10-06,Grandview,27,Ruskin,21
2023-10-06,Polo,29,Sarcoxie,16
2023-10-06,Mountain Grove,39,Salem,0
2023-10-06,Marionville,42,Sarcoxie,6
2023-10-06,Chillicothe,8,Savannah,61
2023-10-06,Marceline,43,Scotland County,21
2023-10-06,Pattonville,3,Seckman,28
2023-10-06,El Dorado Springs,44,Sherwood,8
2023-10-06,Central (Cape Girardeau),48,Sikeston,8
2023-10-06,Chaminade College Prep,6,SLUH,43
2023-10-06,Winnetonka,0,Smithville,41
2023-10-06,Hallsville,24,Southern Boone,54
2023-10-06,Orchard Farm,41,St. Charles,20
2023-10-06,Potosi,19,St. Charles West,17
2023-10-06,Duchesne,7,St. Dominic,45
2023-10-06,Lutheran St. Charles,13,St. Francis Borgia,44
2023-10-06,East Buchanan,40,St. Michael the Archangel,24
2023-10-06,St. Pius X (Festus),6,St. Vincent,42
2023-10-06,Valle Catholic,31,Ste. Genevieve,0
2023-10-06,Forsyth,42,Strafford,28
2023-10-06,St. James,15,Sullivan,25
2023-10-06,Van Horn,50,Summit Christian Academy,18
2023-10-06,Francis Howell,42,Timberland,14
2023-10-06,Owensville,38,Union,35
2023-10-06,Crystal City,8,Van-Far with Community,14
2023-10-06,Lone Jack with Kingsville,0,Versailles,43
2023-10-06,Winfield,6,Warrenton,42
2023-10-06,Butler,30,Warsaw,27
2023-10-06,Ft. Zumwalt South,42,Washington,32
2023-10-06,Bolivar,42,Waynesville,29
2023-10-06,Lathrop,20,West Platte,33
2023-10-06,Harrisburg,36,Westran,41
2023-10-06,Raytown,8,William Chrisman,30
2023-10-06,Houston,69,Willow Springs,15
2023-10-06,Wellington-Napoleon,6,Windsor,52
2023-10-06,North County,24,Windsor (Imperial),16
2023-10-07,Lift for Life Academy Charter,0,Cardinal Ritter,32
2023-10-07,Hogan Prep Academy Charter,6,Father Tolton with Calvary Lutheran,32
2023-10-07,Vashon,24,Gateway,8
2023-10-07,Ladue Horton Watkins,22,Hazelwood Central,28
2023-10-07,Affton,29,Jennings,42
2023-10-07,Lutheran North,14,Maryville,19
2023-10-07,Normandy Collaborative,22,McCluer North,20
2023-10-07,John Burroughs,13,Westminster Christian Academy,41
2023-10-12,Scott City,55,Charleston,20
2023-10-12,Timberland,32,Francis Howell North,21
2023-10-12,Parkway West,35,Parkway Central,7
2023-10-13,Normandy Collaborative,38,Affton,8
2023-10-13,Cabool,14,Ava,54
2023-10-13,Raytown,20,Belton,21
2023-10-13,Blue Springs,24,Blue Springs South,28
2023-10-13,Clark County,14,Brookfield,26
2023-10-13,Benton,12,Cameron,42
2023-10-13,Truman,7,Capital City,49
2023-10-13,Holden,40,Carrollton,0
2023-10-13,East Prairie,20,Caruthersville,53
2023-10-13,Pleasant Hill,42,Center,0
2023-10-13,Sikeston,29,Central (New Madrid County),53
2023-10-13,Dexter,10,Central (Park Hills),44
2023-10-13,Oak Park,44,Central (St. Joseph),43
2023-10-13,Adrian,55,Cole Camp,6
2023-10-13,Central (Cape Girardeau),51,DeSoto with Kingston,21
2023-10-13,Sarcoxie,39,Diamond,13
2023-10-13,Westminster Christian Academy,49,Duchesne,0
2023-10-13,Aurora,32,East Newton,7
2023-10-13,Stockton,19,El Dorado Springs,22
2023-10-13,California,35,Eldon,33
2023-10-13,Parkway North,21,Eureka,16
2023-10-13,Raytown South,36,Excelsior Springs,20
2023-10-13,Clever,0,Fair Grove,58
2023-10-13,KIPP KC Legacy,8,Father Tolton with Calvary Lutheran,40
2023-10-13,Farmington,0,Festus,42
2023-10-13,Butler,60,Forsyth,43
2023-10-13,North Kansas City,7,Fort Osage,52
2023-10-13,Francis Howell,55,Francis Howell Central,28
2023-10-13,St. Francis Borgia,42,Fredericktown,0
2023-10-13,Liberty (Wentzville),39,Ft. Zumwalt East,24
2023-10-13,Ft. Zumwalt North,21,Ft. Zumwalt South,14
2023-10-13,Troy Buchanan,49,Ft. Zumwalt West,0
2023-10-13,Kirksville,44,Fulton,7
2023-10-13,Trenton,45,Gallatin with Tri-County,14
2023-10-13,Chaminade College Prep,41,Gateway,24
2023-10-13,William Chrisman,16,Grain Valley,61
2023-10-13,Kearney,42,Grandview,7
2023-10-13,St. Vincent,35,Grandview (Hillsboro),13
2023-10-13,Blair Oaks,49,Hallsville,0
2023-10-13,Marshall,7,Hannibal,56
2023-10-13,Fayette,8,Harrisburg,50
2023-10-13,Malden,14,Hayti,40
2023-10-13,Perryville,50,Herculaneum,0
2023-10-13,Bolivar,44,Hillcrest,7
2023-10-13,Mountain Grove,27,Houston,12
2023-10-13,Holt,20,Jackson,48
2023-10-13,Carthage,21,Joplin,49
2023-10-13,Glendale,0,Kickapoo,40
2023-10-13,Riverview Gardens,0,Ladue Horton Watkins,45
2023-10-13,St. Pius X (Kansas City),83,Lafayette (St. Joseph),14
2023-10-13,Ritenour,21,Lafayette (Wildwood),24
2023-10-13,Lexington,6,Lafayette County,58
2023-10-13,Cassville,7,Lamar,41
2023-10-13,Lathrop,14,Lawson,19
2023-10-13,Camdenton,26,Lebanon,34
2023-10-13,Lee's Summit West,21,Lee's Summit North,28
2023-10-13,Lee's Summit,10,Liberty,15
2023-10-13,Raymore-Peculiar,0,Liberty North,38
2023-10-13,Mehlville,0,Lindbergh,35
2023-10-13,Reeds Spring,17,Logan-Rogersville,13
2023-10-13,Van-Far with Community,14,Louisiana,0
2023-10-13,Lutheran St. Charles,0,Lutheran North,62
2023-10-13,Monroe City,36,Macon,7
2023-10-13,Westran,13,Marceline,14
2023-10-13,Ash Grove,0,Marionville,42
2023-10-13,South Callaway,28,Mark Twain,20
2023-10-13,Hazelwood West,0,Marquette,44
2023-10-13,Savannah,20,Maryville,39
2023-10-13,Moberly,13,Mexico,0
2023-10-13,East Buchanan,35,Mid-Buchanan,6
2023-10-13,Lincoln,20,Midway,50
2023-10-13,Pierce City,28,Miller,6
2023-10-13,Nevada,48,Monett,0
2023-10-13,North Callaway,6,Montgomery County,26
2023-10-13,Marshfield,21,Mt. Vernon,56
2023-10-13,West Platte,0,North Platte,44
2023-10-13,Washington,20,North Point,28
2023-10-13,Harrisonville,20,Oak Grove,45
2023-10-13,Seckman,28,Oakville,7
2023-10-13,Chillicothe,6,Odessa,49
2023-10-13,Warrenton,42,Orchard Farm,19
2023-10-13,Sullivan,28,Owensville,7
2023-10-13,Branson,35,Ozark,7
2023-10-13,Hermann,20,Pacific,42
2023-10-13,Highland,0,Palmyra,44
2023-10-13,Staley,14,Park Hill,37
2023-10-13,Fox,35,Parkway South,16
2023-10-13,Hazelwood Central,32,Pattonville,15
2023-10-13,Summit Christian Academy,14,Pembroke Hill,21
2023-10-13,Park Hill South,21,Platte County,24
2023-10-13,Milan,28,Polo,7
2023-10-13,Kennett,7,Poplar Bluff,42
2023-10-13,Kelly,12,Portageville,56
2023-10-13,North County,41,Potosi,0
2023-10-13,Nixa,31,Republic,28
2023-10-13,Knob Noster,0,Richmond,42
2023-10-13,SLUH,22,Rockhurst,40
2023-10-13,McCluer North,6,Rockwood Summit,47
2023-10-13,Waynesville,7,Rolla,28
2023-10-13,McDonald County,14,Seneca,38
2023-10-13,Sarcoxie,0,Sherwood,48
2023-10-13,Warsaw,34,Skyline,6
2023-10-13,Helias Catholic,63,Smith-Cotton,0
2023-10-13,Scotland County,6,South Harrison,38
2023-10-13,Centralia,14,South Shelby,48
2023-10-13,Osage,14,Southern Boone,35
2023-10-13,Hollister,7,Springfield Catholic,18
2023-10-13,St. Charles West,35,St. Charles,25
2023-10-13,Windsor (Imperial),14,St. Clair,55
2023-10-13,Union,49,St. James,29
2023-10-13,Bayless,8,St. Pius X (Festus),48
2023-10-13,Jefferson (Festus),7,Ste. Genevieve,49
2023-10-13,Willow Springs,14,Thayer,68
2023-10-13,Lone Jack with Kingsville,0,Tipton,50
2023-10-13,Buffalo,0,Versailles,28
2023-10-13,Valle Catholic,49,Vianney,7
2023-10-13,Clinton,6,Warrensburg,57
2023-10-13,Neosho,18,Webb City,37
2023-10-13,Northwest (Cedar Hill),20,Webster Groves,21
2023-10-13,Penney,56,Wellington-Napoleon,24
2023-10-13,Parkview,20,West Plains,44
2023-10-13,Carl Junction,14,Willard,22
2023-10-13,Crest Ridge with Chilhowee,6,Windsor,26
2023-10-13,Cuba,0,Winfield,7
2023-10-13,Ruskin,7,Winnetonka,6
2023-10-13,Bowling Green,52,Wright City,6
2023-10-14,Central (Springfield),20,Boonville,41
2023-10-14,Hillsboro,21,Cardinal Ritter,34
2023-10-14,Jennings,0,Hazelwood East,66
2023-10-14,St. Michael the Archangel,41,Hogan Prep Academy Charter,14
2023-10-14,Salem,0,Liberty (Mountain View),54
2023-10-14,Kirkwood,44,McCluer,0
2023-10-14,St. Dominic,36,MICDS,19
2023-10-14,Van Horn,8,University Academy Charter,6
2023-10-14,Lift for Life Academy Charter,12,Vashon,8
2023-10-19,Portageville,43,Central (New Madrid County),0
2023-10-19,Lutheran St. Charles,37,Chaminade College Prep,48
2023-10-19,Central (Park Hills),47,Farmington,21
2023-10-19,Ft. Zumwalt West,10,Ft. Zumwalt North,7
2023-10-19,Francis Howell North,7,Ft. Zumwalt South,49
2023-10-19,Sullivan,40,North County,14
2023-10-19,Ava,73,Willow Springs,0
2023-10-19,Louisiana,28,Wright City,52
2023-10-20,Tipton,16,Adrian,53
2023-10-20,Sarcoxie,46,Ash Grove,18
2023-10-20,Logan-Rogersville,13,Aurora,15
2023-10-20,Southern Boone,28,Blair Oaks,62
2023-10-20,Liberty,16,Blue Springs South,13
2023-10-20,North Callaway,8,Bowling Green,73
2023-10-20,Webb City,20,Branson,0
2023-10-20,Salem,13,Cabool,56
2023-10-20,Marshall,0,Cameron,48
2023-10-20,Republic,26,Carl Junction,0
2023-10-20,Lafayette County,57,Carrollton,6
2023-10-20,Willard,14,Carthage,28
2023-10-20,Hayti,0,Caruthersville,54
2023-10-20,Monett,7,Cassville,42
2023-10-20,Potosi,6,Central (Cape Girardeau),57
2023-10-20,Forsyth,65,Central (Springfield),35
2023-10-20,Macon,0,Centralia,42
2023-10-20,Grandview (Hillsboro),6,Chaffee,41
2023-10-20,Benton,0,Chillicothe,22
2023-10-20,Monroe City,22,Clark County,12
2023-10-20,Affton,8,Clayton with Brentwood,45
2023-10-20,Diamond,28,Clever,21
2023-10-20,Center,12,Clinton,26
2023-10-20,Midway,14,Cole Camp,16
2023-10-20,Malden,8,Dexter,78
2023-10-20,MICDS,59,Duchesne,24
2023-10-20,Lawson,8,East Buchanan,48
2023-10-20,Boonville,56,Eldon,41
2023-10-20,El Dorado Springs,8,Fair Grove,57
2023-10-20,Father Tolton with Calvary Lutheran,56,Fayette,0
2023-10-20,Jackson,42,Festus,14
2023-10-20,Ladue Horton Watkins,34,Fox,6
2023-10-20,East Prairie,34,Fredericktown,57
2023-10-20,Ft. Zumwalt West,10,Ft. Zumwalt North,7
2023-10-20,Camdenton,61,Glendale,28
2023-10-20,Smithville,24,Grandview,21
2023-10-20,California,41,Hallsville,14
2023-10-20,Scotland County,14,Harrisburg,32
2023-10-20,Odessa,14,Harrisonville,42
2023-10-20,Eureka,21,Hazelwood Central,19
2023-10-20,Kirkwood,56,Hazelwood West,0
2023-10-20,Crystal City,0,Herculaneum,6
2023-10-20,Brookfield,39,Highland,0
2023-10-20,Knob Noster,16,Holden,27
2023-10-20,Timberland,14,Holt,63
2023-10-20,Moberly,7,Jefferson City,34
2023-10-20,Belton,7,Kearney,42
2023-10-20,Ste. Genevieve,35,Kelly,0
2023-10-20,Bolivar,7,Kickapoo,44
2023-10-20,Capital City,35,Kirksville,20
2023-10-20,Hollister,7,Lamar,49
2023-10-20,North Platte,30,Lathrop,15
2023-10-20,Park Hill South,40,Lee's Summit,12
2023-10-20,Liberty North,43,Lee's Summit West,12
2023-10-20,Houston,14,Liberty (Mountain View),35
2023-10-20,Wellington-Napoleon,31,Lincoln,30
2023-10-20,Lafayette (Wildwood),34,Lindbergh,24
2023-10-20,Windsor,52,Lone Jack with Kingsville,13
2023-10-20,Osage,54,Lutheran South,0
2023-10-20,Gallatin with Tri-County,16,Marceline,55
2023-10-20,Miller,0,Marionville,57
2023-10-20,Springfield Catholic,35,Marshfield,27
2023-10-20,Lafayette (St. Joseph),14,Maryville,71
2023-10-20,East Newton,13,McDonald County,38
2023-10-20,Northwest (Cedar Hill),39,Mehlville,7
2023-10-20,KIPP KC Legacy,22,Mid-Buchanan,50
2023-10-20,Thayer,7,Mountain Grove,35
2023-10-20,Joplin,56,Neosho,24
2023-10-20,Seneca,40,Nevada,36
2023-10-20,Ozark,7,Nixa,51
2023-10-20,St. Charles,19,North Point,48
2023-10-20,Warrensburg,56,Oak Grove,87
2023-10-20,Fort Osage,26,Oak Park,42
2023-10-20,Parkway South,7,Oakville,48
2023-10-20,DeSoto with Kingston,7,Orchard Farm,35
2023-10-20,St. Clair,59,Owensville,14
2023-10-20,Lee's Summit North,28,Park Hill,21
2023-10-20,Hillcrest,34,Parkview,14
2023-10-20,Parkway Central,0,Parkway North,35
2023-10-20,Rockwood Summit,59,Parkway West,20
2023-10-20,Marquette,24,Pattonville,6
2023-10-20,St. Pius X (Festus),51,Perryville,0
2023-10-20,Summit Christian Academy,13,Pleasant Hill,49
2023-10-20,Hillsboro,56,Poplar Bluff,25
2023-10-20,Polo,7,Putnam County,14
2023-10-20,Blue Springs,24,Raymore-Peculiar,17
2023-10-20,Grain Valley,42,Raytown,6
2023-10-20,Winnetonka,0,Raytown South,42
2023-10-20,Mt. Vernon,42,Reeds Spring,27
2023-10-20,Lexington,18,Richmond,58
2023-10-20,Francis Howell,30,Rock Bridge,28
2023-10-20,Lebanon,42,Rolla,10
2023-10-20,Excelsior Springs,25,Ruskin,22
2023-10-20,Crest Ridge with Chilhowee,34,Sarcoxie,20
2023-10-20,Westran,35,Salisbury,14
2023-10-20,Versailles,24,Sherwood,28
2023-10-20,Charleston,14,Sikeston,25
2023-10-20,Cardinal Ritter,52,SLUH,39
2023-10-20,Hogan Prep Academy Charter,6,Smith-Cotton,48
2023-10-20,Montgomery County,15,South Callaway,44
2023-10-20,Trenton,49,South Harrison,12
2023-10-20,Palmyra,0,South Shelby,55
2023-10-20,Ft. Zumwalt East,30,St. Charles West,19
2023-10-20,Westminster Christian Academy,20,St. Dominic,24
2023-10-20,Pacific,42,St. James,41
2023-10-20,Lutheran North,44,St. Mary's South Side,12
2023-10-20,Savannah,13,St. Pius X (Kansas City),34
2023-10-20,Jefferson (Festus),21,St. Vincent,28
2023-10-20,North Kansas City,0,Staley,54
2023-10-20,Pierce City,3,Stockton,28
2023-10-20,Skyline,14,Strafford,56
2023-10-20,Liberty (Wentzville),14,Troy Buchanan,42
2023-10-20,Central (St. Joseph),10,Truman,7
2023-10-20,Hermann,14,Union,49
2023-10-20,Kennett,7,Valle Catholic,56
2023-10-20,Pembroke Hill,28,Van Horn,21
2023-10-20,Mark Twain,6,Van-Far with Community,20
2023-10-20,Helias Catholic,42,Vianney,0
2023-10-20,Mexico,0,Warrenton,35
2023-10-20,Buffalo,6,Warsaw,43
2023-10-20,Francis Howell Central,28,Washington,49
2023-10-20,West Plains,49,Waynesville,21
2023-10-20,Seckman,35,Webster Groves,0
2023-10-20,Penney,64,West Platte,20
2023-10-20,Platte County,48,William Chrisman,6
2023-10-20,Cuba,0,Windsor (Imperial),55
2023-10-20,Fulton,22,Winfield,13
2023-10-21,McCluer,30,McCluer North,0
2023-10-21,Jennings,14,Normandy Collaborative,38
2023-10-21,Lift for Life Academy Charter,44,Priory,6
2023-10-21,Hazelwood East,28,Riverview Gardens,6
2023-10-21,St. Michael the Archangel,41,University Academy Charter,26
2023-10-26,South Harrison,6,Mid-Buchanan,28
2023-10-27,Hayti,6,Miller,34
2023-10-27,Fayette,28,Sarcoxie,32
2023-10-27,Gallatin with Tri-County,30,Scotland County,34
2023-10-27,Kelly,7,Caruthersville,49
2023-10-27,East Prairie,8,Scott City,56
2023-10-27,Priory,14,St. Pius X (Festus),33
2023-10-27,Montgomery County,14,Hermann,27
2023-10-27,Cole Camp,26,Versailles,28
2023-10-27,Carrollton,0,Warsaw,49
2023-10-27,North Callaway,14,South Callaway,26
2023-10-27,Springfield Catholic,14,Liberty (Mountain View),20
2023-10-27,Willow Springs,20,Forsyth,65
2023-10-27,Houston,13,Strafford,35
2023-10-27,Diamond,49,Sarcoxie,14
2023-10-27,Stockton,10,Adrian,34
2023-10-27,El Dorado Springs,14,Butler,36
2023-10-27,Lone Jack with Kingsville,7,Lafayette County,67
2023-10-27,Sherwood,0,St. Michael the Archangel,38
2023-10-27,Lexington,6,Holden,32
2023-10-27,Palmyra,0,Clark County,14
2023-10-27,Mark Twain,6,Bowling Green,54
2023-10-27,Highland,0,Monroe City,34
2023-10-27,Lawson,7,Brookfield,20
2023-10-27,Lathrop,28,Trenton,42
2023-10-27,Central (New Madrid County),13,Malden,0
2023-10-27,Kennett,26,Herculaneum,32
2023-10-27,Fredericktown,6,Ste. Genevieve,48
2023-10-27,Lutheran South,14,Owensville,48
2023-10-27,Cuba,7,St. Clair,55
2023-10-27,Winfield,23,St. Charles West,40
2023-10-27,Wright City,25,Southern Boone,47
2023-10-27,Macon,10,Moberly,49
2023-10-27,Hallsville,18,Centralia,24
2023-10-27,Buffalo,12,Eldon,63
2023-10-27,Clever,7,Mountain Grove,49
2023-10-27,Aurora,14,Cassville,24
2023-10-27,Hollister,0,Mt. Vernon,42
2023-10-27,East Newton,0,Reeds Spring,41
2023-10-27,Boonville,35,Knob Noster,0
2023-10-27,Summit Christian Academy,23,Oak Grove,50
2023-10-27,Clinton,26,California,49
2023-10-27,Pembroke Hill,7,Cameron,42
2023-10-27,Northeast (Kansas City),0,St. Pius X (Kansas City),57
2023-10-27,Richmond,22,Chillicothe,28
2023-10-27,Potosi,0,North County,35
2023-10-27,DeSoto with Kingston,0,Festus,41
2023-10-27,Sikeston,33,Perryville,14
2023-10-27,Windsor (Imperial),19,Union,48
2023-10-27,Affton,8,Pacific,71
2023-10-27,Jennings,6,Clayton with Brentwood,55
2023-10-27,Lutheran St. Charles,20,Warrenton,21
2023-10-27,Mexico,6,Holt,57
2023-10-27,St. Charles,12,Hannibal,64
2023-10-27,Osage,28,Warrensburg,30
2023-10-27,Fulton,16,Jefferson City,63
2023-10-27,Marshall,24,Van Horn,15
2023-10-27,Hillcrest,12,Logan-Rogersville,7
2023-10-27,Monett,0,West Plains,50
2023-10-27,Marshfield,0,McDonald County,41
2023-10-27,Center,0,Grandview,56
2023-10-27,Lincoln College Prep,0,Carl Junction,32
2023-10-27,Excelsior Springs,13,Kirksville,28
2023-10-27,Benton,6,Kearney,56
2023-10-27,Lafayette (St. Joseph),6,Savannah,70
2023-10-27,Farmington,22,Webster Groves,16
2023-10-27,Mehlville,3,Central (Cape Girardeau),45
2023-10-27,St. Mary's South Side,37,Fox,12
2023-10-27,Parkway Central,17,Parkway West,20
2023-10-27,Parkway South,0,Eureka,52
2023-10-27,Chaminade College Prep,7,Ladue Horton Watkins,34
2023-10-27,McCluer North,0,Hazelwood East,60
2023-10-27,Timberland,41,Ft. Zumwalt South,37
2023-10-27,Ft. Zumwalt East,0,Ft. Zumwalt North,24
2023-10-27,Francis Howell North,0,Liberty (Wentzville),49
2023-10-27,Washington,21,North Point,19
2023-10-27,Rolla,14,Camdenton,17
2023-10-27,Glendale,38,Branson,41
2023-10-27,Parkview,6,Republic,42
2023-10-27,Central (Springfield),14,Willard,36
2023-10-27,Ruskin,19,Belton,43
2023-10-27,Neosho,14,Raytown South,35
2023-10-27,Smith-Cotton,3,Carthage,42
2023-10-27,North Kansas City,28,William Chrisman,36
2023-10-27,Raytown,7,Platte County,35
2023-10-27,Winnetonka,6,Fort Osage,42
2023-10-27,Northwest (Cedar Hill),14,Oakville,56
2023-10-27,Kirkwood,16,Christian Brothers College,37
2023-10-27,Vianney,47,Francis Howell,76
2023-10-27,Pattonville,0,Hazelwood Central,22
2023-10-27,Hazelwood West,7,SLUH,69
2023-10-27,Ozark,13,Waynesville,12
2023-10-27,Raymore-Peculiar,10,Lee's Summit,20
2023-10-27,Truman,13,Blue Springs,55
2023-10-27,Park Hill South,9,Staley,13
2023-10-27,Francis Howell Central,13,Hickman,0
2023-10-28,Grandview (Hillsboro),0,Lift for Life Academy Charter,50
2023-10-28,Hogan Prep Academy Charter,18,KIPP KC Legacy,0
2023-10-28,Duchesne,6,John Burroughs,46
2023-10-28,McCluer,6,MICDS,42
2023-10-30,Salem,0,St. James,43
2023-11-03,Miller,0,Marionville,49
2023-11-03,Ash Grove,6,Cabool,40
2023-11-03,Pierce City,6,Portageville,63
2023-11-03,Charleston,14,Thayer,51
2023-11-03,Sarcoxie,6,St. Vincent,56
2023-11-03,Harrisburg,30,Crystal City,40
2023-11-03,Louisiana,8,Tipton,40
2023-11-03,Lincoln,14,North Platte,59
2023-11-03,Midway,12,Crest Ridge with Chilhowee,21
2023-11-03,West Platte,0,Windsor,39
2023-11-03,Skyline,36,Polo,30
2023-11-03,Scotland County,0,Milan,44
2023-11-03,Salisbury,13,Marceline,32
2023-11-03,Putnam County,12,Westran,13
2023-11-03,Caruthersville,14,Valle Catholic,56
2023-11-03,Scott City,70,Central (New Madrid County),28
2023-11-03,St. Pius X (Festus),15,Jefferson (Festus),28
2023-11-03,Versailles,26,Father Tolton with Calvary Lutheran,64
2023-11-03,South Callaway,28,Warsaw,46
2023-11-03,Liberty (Mountain View),7,Fair Grove,42
2023-11-03,Strafford,28,Forsyth,26
2023-11-03,Diamond,0,Lamar,47
2023-11-03,Butler,14,Adrian,49
2023-11-03,Hogan Prep Academy Charter,14,Lafayette County,49
2023-11-03,Holden,21,St. Michael the Archangel,28
2023-11-03,Clark County,6,South Shelby,43
2023-11-03,Monroe City,6,Bowling Green,51
2023-11-03,Brookfield,14,East Buchanan,66
2023-11-03,Mid-Buchanan,20,Trenton,7
2023-11-03,Herculaneum,14,Central (Park Hills),44
2023-11-03,Ste. Genevieve,29,Dexter,28
2023-11-03,Owensville,14,St. Francis Borgia,49
2023-11-03,John Burroughs,13,Orchard Farm,31
2023-11-03,Southern Boone,30,Blair Oaks,64
2023-11-03,Centralia,28,Moberly,41
2023-11-03,Eldon,36,Ava,72
2023-11-03,St. James,50,Mountain Grove,67
2023-11-03,Cassville,0,Seneca,48
2023-11-03,Reeds Spring,13,Mt. Vernon,45
2023-11-03,Boonville,41,Odessa,63
2023-11-03,California,40,Oak Grove,39
2023-11-03,Cameron,8,Maryville,47
2023-11-03,Chillicothe,6,St. Pius X (Kansas City),51
2023-11-03,North County,0,Hillsboro,48
2023-11-03,Sikeston,7,Festus,51
2023-11-03,Union,7,Sullivan,30
2023-11-03,Gateway,12,Pacific,31
2023-11-03,Normandy Collaborative,0,Lutheran North,64
2023-11-03,Clayton with Brentwood,23,Vashon,22
2023-11-03,Warrenton,28,Parkway North,21
2023-11-03,Hannibal,48,Holt,27
2023-11-03,Warrensburg,14,Pleasant Hill,55
2023-11-03,Marshall,3,Jefferson City,49
2023-11-03,Hillcrest,14,Bolivar,53
2023-11-03,McDonald County,35,West Plains,33
2023-11-03,Grandview,0,Nevada,43
2023-11-03,Carl Junction,17,Harrisonville,7
2023-11-03,Kirksville,8,Smithville,49
2023-11-03,Savannah,13,Kearney,35
2023-11-03,Farmington,28,Poplar Bluff,21
2023-11-03,St. Mary's South Side,6,Central (Cape Girardeau),21
2023-11-03,Parkway West,22,Rockwood Summit,42
2023-11-03,Ladue Horton Watkins,14,Eureka,34
2023-11-03,MICDS,35,Hazelwood East,14
2023-11-03,Timberland,28,St. Dominic,45
2023-11-03,Liberty (Wentzville),7,Ft. Zumwalt North,28
2023-11-03,Washington,28,Helias Catholic,38
2023-11-03,Capital City,38,Camdenton,35
2023-11-03,Branson,35,Lebanon,42
2023-11-03,Willard,14,Republic,35
2023-11-03,Belton,20,Webb City,71
2023-11-03,Carthage,56,Raytown South,28
2023-11-03,William Chrisman,8,Grain Valley,49
2023-11-03,Fort Osage,21,Platte County,28
2023-11-03,Oakville,0,Seckman,33
2023-11-03,Lindbergh,13,Jackson,41
2023-11-03,Christian Brothers College,44,Marquette,35
2023-11-03,Francis Howell,49,Lafayette (Wildwood),28
2023-11-03,Hazelwood Central,6,De Smet Jesuit,45
2023-11-03,SLUH,40,Ritenour,17
2023-11-03,Francis Howell Central,32,Rock Bridge,69
2023-11-03,Ft. Zumwalt West,14,Troy Buchanan,21
2023-11-03,Ozark,0,Nixa,50
2023-11-03,Joplin,45,Kickapoo,29
2023-11-03,Lee's Summit,0,Lee's Summit North,42
2023-11-03,Lee's Summit West,8,Rockhurst,31
2023-11-03,Blue Springs,31,Liberty North,71
2023-11-03,Blue Springs South,28,Liberty,42
2023-11-03,Staley,21,Oak Park,28
2023-11-03,Park Hill,35,Central (St. Joseph),28
2023-11-04,Chaffee,9,Van-Far with Community,46
2023-11-04,Hermann,21,Lift for Life Academy Charter,26
2023-11-04,St. Charles West,0,Westminster Christian Academy,48
2023-11-10,Cabool,6,Marionville,44
2023-11-10,Thayer,8,Portageville,49
2023-11-10,Van-Far with Community,6,St. Vincent,42
2023-11-10,Tipton,6,Crystal City,8
2023-11-10,Crest Ridge with Chilhowee,12,North Platte,46
2023-11-10,Skyline,28,Windsor,38
2023-11-10,Marceline,21,Milan,26
2023-11-10,Penney,40,Westran,22
2023-11-10,Scott City,7,Valle Catholic,43
2023-11-10,Lift for Life Academy Charter,22,Jefferson (Festus),14
2023-11-10,Warsaw,7,Father Tolton with Calvary Lutheran,40
2023-11-10,Strafford,10,Fair Grove,26
2023-11-10,Adrian,18,Lamar,35
2023-11-10,St. Michael the Archangel,31,Lafayette County,50
2023-11-10,Bowling Green,66,South Shelby,50
2023-11-10,Mid-Buchanan,0,East Buchanan,21
2023-11-10,Ste. Genevieve,13,Central (Park Hills),52
2023-11-10,St. Clair,25,St. Francis Borgia,42
2023-11-10,Westminster Christian Academy,36,Orchard Farm,30
2023-11-10,Moberly,7,Blair Oaks,59
2023-11-10,Mountain Grove,10,Ava,45
2023-11-10,Mt. Vernon,21,Seneca,49
2023-11-10,California,21,Odessa,38
2023-11-10,St. Pius X (Kansas City),41,Maryville,13
2023-11-10,Festus,28,Hillsboro,29
2023-11-10,Pacific,21,Sullivan,20
2023-11-10,Clayton with Brentwood,14,Lutheran North,54
2023-11-10,Hannibal,55,Warrenton,32
2023-11-10,Jefferson City,37,Pleasant Hill,34
2023-11-10,McDonald County,40,Bolivar,21
2023-11-10,Carl Junction,13,Nevada,33
2023-11-10,Kearney,29,Smithville,13
2023-11-10,Central (Cape Girardeau),37,Farmington,13
2023-11-10,Eureka,35,Rockwood Summit,17
2023-11-10,MICDS,24,Cardinal Ritter,60
2023-11-10,Ft. Zumwalt North,27,St. Dominic,17
2023-11-10,Capital City,6,Helias Catholic,41
2023-11-10,Republic,35,Lebanon,32
2023-11-10,Carthage,7,Webb City,42
2023-11-10,Platte County,25,Grain Valley,27
2023-11-10,Jackson,55,Seckman,21
2023-11-10,Francis Howell,27,Christian Brothers College,28
2023-11-10,SLUH,13,De Smet Jesuit,19
2023-11-10,Troy Buchanan,7,Rock Bridge,38
2023-11-10,Joplin,34,Nixa,56
2023-11-10,Rockhurst,24,Lee's Summit North,21
2023-11-10,Liberty,10,Liberty North,33
2023-11-10,Park Hill,14,Oak Park,17
2023-11-17,Crystal City,14,St. Vincent,45
2023-11-17,Windsor,6,North Platte,42
2023-11-17,Penney,12,Milan,13
2023-11-17,Blair Oaks,47,Westminster Christian Academy,29
2023-11-17,Seneca,56,Ava,8
2023-11-17,Pacific,35,Hillsboro,48
2023-11-17,Hannibal,61,Lutheran North,70
2023-11-17,Grain Valley,35,Webb City,49
2023-11-17,Christian Brothers College,35,Jackson,23
2023-11-17,Rockhurst,38,Nixa,14
2023-11-17,Oak Park,7,Liberty North,38
2023-11-18,Portageville,14,Marionville,17
2023-11-18,Lift for Life Academy Charter,14,Valle Catholic,47
2023-11-18,Fair Grove,27,Father Tolton with Calvary Lutheran,13
2023-11-18,Lafayette County,7,Lamar,41
2023-11-18,East Buchanan,22,Bowling Green,50
2023-11-18,St. Francis Borgia,28,Central (Park Hills),50
2023-11-18,St. Pius X (Kansas City),42,Odessa,7
2023-11-18,McDonald County,28,Jefferson City,31
2023-11-18,Kearney,35,Nevada,0
2023-11-18,Eureka,29,Central (Cape Girardeau),32
2023-11-18,Ft. Zumwalt North,14,Cardinal Ritter,68
2023-11-18,Republic,28,Helias Catholic,21
2023-11-18,Rock Bridge,16,De Smet Jesuit,23
2023-11-23,Webster Groves,13,Kirkwood,65
2023-11-24,Liberty North,28,Rockhurst,27
2023-11-25,St. Vincent,7,Marionville,38
2023-11-25,Milan,34,North Platte,54
2023-11-25,Fair Grove,26,Valle Catholic,51
2023-11-25,Bowling Green,16,Lamar,47
2023-11-25,Blair Oaks,43,Central (Park Hills),48
2023-11-25,St. Pius X (Kansas City),17,Seneca,41
2023-11-25,Lutheran North,12,Hillsboro,34
2023-11-25,Kearney,42,Jefferson City,7
2023-11-25,Cardinal Ritter,52,Central (Cape Girardeau),22
2023-11-25,Webb City,20,Republic,21
2023-11-25,De Smet Jesuit,28,Christian Brothers College,31
2023-12-01,North Platte,0,Marionville,29
2023-12-01,Seneca,34,Central (Park Hills),48
2023-12-01,Republic,25,Cardinal Ritter,38
2023-12-02,Lamar,35,Valle Catholic,28
2023-12-02,Kearney,68,Hillsboro,28
2023-12-02,Liberty North,38,Christian Brothers College,7
